<?xml version="1.0" encoding="UTF-8" standalone="no"?>
<Context docBase="C:/Users/glaso/IdeaProjects/ch4/src/main/webapp">
  <Resources cacheMaxSize="10240">
    <PreResources base="C:/Users/glaso/IdeaProjects/ch4/target/classes" className="org.apache.catalina.webresources.DirResourceSet" webAppMount="/WEB-INF/classes"/>
    <PostResources base="C:/Users/glaso/.m2/repository/org/mybatis/mybatis/3.5.9/mybatis-3.5.9.jar" className="org.apache.catalina.webresources.FileResourceSet" webAppMount="/WEB-INF/lib/mybatis-3.5.9.jar"/>
    <PostResources base="C:/Users/glaso/.m2/repository/org/mybatis/mybatis-spring/2.0.7/mybatis-spring-2.0.7.jar" className="org.apache.catalina.webresources.FileResourceSet" webAppMount="/WEB-INF/lib/mybatis-spring-2.0.7.jar"/>
    <PostResources base="C:/Users/glaso/.m2/repository/org/springframework/spring-jdbc/5.0.7.RELEASE/spring-jdbc-5.0.7.RELEASE.jar" className="org.apache.catalina.webresources.FileResourceSet" webAppMount="/WEB-INF/lib/spring-jdbc-5.0.7.RELEASE.jar"/>
    <PostResources base="C:/Users/glaso/.m2/repository/org/springframework/spring-beans/5.0.7.RELEASE/spring-beans-5.0.7.RELEASE.jar" className="org.apache.catalina.webresources.FileResourceSet" webAppMount="/WEB-INF/lib/spring-beans-5.0.7.RELEASE.jar"/>
    <PostResources base="C:/Users/glaso/.m2/repository/org/springframework/spring-core/5.0.7.RELEASE/spring-core-5.0.7.RELEASE.jar" className="org.apache.catalina.webresources.FileResourceSet" webAppMount="/WEB-INF/lib/spring-core-5.0.7.RELEASE.jar"/>
    <PostResources base="C:/Users/glaso/.m2/repository/org/springframework/spring-jcl/5.0.7.RELEASE/spring-jcl-5.0.7.RELEASE.jar" className="org.apache.catalina.webresources.FileResourceSet" webAppMount="/WEB-INF/lib/spring-jcl-5.0.7.RELEASE.jar"/>
    <PostResources base="C:/Users/glaso/.m2/repository/org/springframework/spring-tx/5.0.7.RELEASE/spring-tx-5.0.7.RELEASE.jar" className="org.apache.catalina.webresources.FileResourceSet" webAppMount="/WEB-INF/lib/spring-tx-5.0.7.RELEASE.jar"/>
    <PostResources base="C:/Users/glaso/.m2/repository/mysql/mysql-connector-java/8.0.28/mysql-connector-java-8.0.28.jar" className="org.apache.catalina.webresources.FileResourceSet" webAppMount="/WEB-INF/lib/mysql-connector-java-8.0.28.jar"/>
    <PostResources base="C:/Users/glaso/.m2/repository/com/google/protobuf/protobuf-java/3.11.4/protobuf-java-3.11.4.jar" className="org.apache.catalina.webresources.FileResourceSet" webAppMount="/WEB-INF/lib/protobuf-java-3.11.4.jar"/>
    <PostResources base="C:/Users/glaso/.m2/repository/com/google/guava/guava/31.0.1-jre/guava-31.0.1-jre.jar" className="org.apache.catalina.webresources.FileResourceSet" webAppMount="/WEB-INF/lib/guava-31.0.1-jre.jar"/>
    <PostResources base="C:/Users/glaso/.m2/repository/com/google/guava/failureaccess/1.0.1/failureaccess-1.0.1.jar" className="org.apache.catalina.webresources.FileResourceSet" webAppMount="/WEB-INF/lib/failureaccess-1.0.1.jar"/>
    <PostResources base="C:/Users/glaso/.m2/repository/com/google/guava/listenablefuture/9999.0-empty-to-avoid-conflict-with-guava/listenablefuture-9999.0-empty-to-avoid-conflict-with-guava.jar" className="org.apache.catalina.webresources.FileResourceSet" webAppMount="/WEB-INF/lib/listenablefuture-9999.0-empty-to-avoid-conflict-with-guava.jar"/>
    <PostResources base="C:/Users/glaso/.m2/repository/com/google/code/findbugs/jsr305/3.0.2/jsr305-3.0.2.jar" className="org.apache.catalina.webresources.FileResourceSet" webAppMount="/WEB-INF/lib/jsr305-3.0.2.jar"/>
    <PostResources base="C:/Users/glaso/.m2/repository/org/checkerframework/checker-qual/3.12.0/checker-qual-3.12.0.jar" className="org.apache.catalina.webresources.FileResourceSet" webAppMount="/WEB-INF/lib/checker-qual-3.12.0.jar"/>
    <PostResources base="C:/Users/glaso/.m2/repository/com/google/errorprone/error_prone_annotations/2.7.1/error_prone_annotations-2.7.1.jar" className="org.apache.catalina.webresources.FileResourceSet" webAppMount="/WEB-INF/lib/error_prone_annotations-2.7.1.jar"/>
    <PostResources base="C:/Users/glaso/.m2/repository/com/google/j2objc/j2objc-annotations/1.3/j2objc-annotations-1.3.jar" className="org.apache.catalina.webresources.FileResourceSet" webAppMount="/WEB-INF/lib/j2objc-annotations-1.3.jar"/>
    <PostResources base="C:/Users/glaso/.m2/repository/org/springframework/spring-context/5.0.7.RELEASE/spring-context-5.0.7.RELEASE.jar" className="org.apache.catalina.webresources.FileResourceSet" webAppMount="/WEB-INF/lib/spring-context-5.0.7.RELEASE.jar"/>
    <PostResources base="C:/Users/glaso/.m2/repository/org/springframework/spring-expression/5.0.7.RELEASE/spring-expression-5.0.7.RELEASE.jar" className="org.apache.catalina.webresources.FileResourceSet" webAppMount="/WEB-INF/lib/spring-expression-5.0.7.RELEASE.jar"/>
    <PostResources base="C:/Users/glaso/.m2/repository/org/springframework/spring-webmvc/5.0.7.RELEASE/spring-webmvc-5.0.7.RELEASE.jar" className="org.apache.catalina.webresources.FileResourceSet" webAppMount="/WEB-INF/lib/spring-webmvc-5.0.7.RELEASE.jar"/>
    <PostResources base="C:/Users/glaso/.m2/repository/org/springframework/spring-web/5.0.7.RELEASE/spring-web-5.0.7.RELEASE.jar" className="org.apache.catalina.webresources.FileResourceSet" webAppMount="/WEB-INF/lib/spring-web-5.0.7.RELEASE.jar"/>
    <PostResources base="C:/Users/glaso/.m2/repository/org/springframework/spring-aop/5.0.7.RELEASE/spring-aop-5.0.7.RELEASE.jar" className="org.apache.catalina.webresources.FileResourceSet" webAppMount="/WEB-INF/lib/spring-aop-5.0.7.RELEASE.jar"/>
    <PostResources base="C:/Users/glaso/.m2/repository/org/aspectj/aspectjrt/1.6.10/aspectjrt-1.6.10.jar" className="org.apache.catalina.webresources.FileResourceSet" webAppMount="/WEB-INF/lib/aspectjrt-1.6.10.jar"/>
    <PostResources base="C:/Users/glaso/.m2/repository/org/aspectj/aspectjweaver/1.9.7/aspectjweaver-1.9.7.jar" className="org.apache.catalina.webresources.FileResourceSet" webAppMount="/WEB-INF/lib/aspectjweaver-1.9.7.jar"/>
    <PostResources base="C:/Users/glaso/.m2/repository/org/slf4j/slf4j-api/1.6.6/slf4j-api-1.6.6.jar" className="org.apache.catalina.webresources.FileResourceSet" webAppMount="/WEB-INF/lib/slf4j-api-1.6.6.jar"/>
    <PostResources base="C:/Users/glaso/.m2/repository/org/slf4j/jcl-over-slf4j/1.6.6/jcl-over-slf4j-1.6.6.jar" className="org.apache.catalina.webresources.FileResourceSet" webAppMount="/WEB-INF/lib/jcl-over-slf4j-1.6.6.jar"/>
    <PostResources base="C:/Users/glaso/.m2/repository/org/slf4j/slf4j-log4j12/1.6.6/slf4j-log4j12-1.6.6.jar" className="org.apache.catalina.webresources.FileResourceSet" webAppMount="/WEB-INF/lib/slf4j-log4j12-1.6.6.jar"/>
    <PostResources base="C:/Users/glaso/.m2/repository/log4j/log4j/1.2.15/log4j-1.2.15.jar" className="org.apache.catalina.webresources.FileResourceSet" webAppMount="/WEB-INF/lib/log4j-1.2.15.jar"/>
    <PostResources base="C:/Users/glaso/.m2/repository/javax/inject/javax.inject/1/javax.inject-1.jar" className="org.apache.catalina.webresources.FileResourceSet" webAppMount="/WEB-INF/lib/javax.inject-1.jar"/>
    <PostResources base="C:/Users/glaso/.m2/repository/javax/servlet/jstl/1.2/jstl-1.2.jar" className="org.apache.catalina.webresources.FileResourceSet" webAppMount="/WEB-INF/lib/jstl-1.2.jar"/>
    <PostResources base="C:/Users/glaso/.m2/repository/javax/validation/validation-api/2.0.1.Final/validation-api-2.0.1.Final.jar" className="org.apache.catalina.webresources.FileResourceSet" webAppMount="/WEB-INF/lib/validation-api-2.0.1.Final.jar"/>
    <PostResources base="C:/Users/glaso/.m2/repository/org/jetbrains/annotations/24.1.0/annotations-24.1.0.jar" className="org.apache.catalina.webresources.FileResourceSet" webAppMount="/WEB-INF/lib/annotations-24.1.0.jar"/>
  </Resources>
</Context>
